<?xml version="1.0"?>
<!DOCTYPE hibernate-mapping PUBLIC "-//Hibernate/Hibernate Mapping DTD 3.0//EN" "http://www.hibernate.org/dtd/hibernate-mapping-3.0.dtd">

<hibernate-mapping package="modelo">
<class name="Transporte" table="transporte">
	<id name="idTransporte"  column="idTransporte" >
		<generator class="native"/>
	</id>	
	<property name="patente"/>
	<property name="pesoMaximo"/>	
	<property name="tipoTransporte"/>	
	<joined-subclass name="Camioneta" table="camioneta">
		<key column="idTransporte"/>	
	</joined-subclass>
	<joined-subclass name="Camion" table="camion">
		<key column="idTransporte"/>
	 </joined-subclass>	
</class>
</hibernate-mapping>