<?xml version="1.0"?>
<!DOCTYPE hibernate-mapping PUBLIC "-//Hibernate/Hibernate Mapping DTD 3.0//EN" "http://www.hibernate.org/dtd/hibernate-mapping-3.0.dtd">

<hibernate-mapping package="modelo">
<class name="RolEmpleado" table="rol_empleado">
	<id name="idRol"  column="idRol" >
		<generator class="native"/>
	</id>	
	<property name="nombreRol"/>	
	<many-to-one name="empleado" column="idEmpleado" class="Empleado"/>
	<joined-subclass name="Ayudante" table="ayudante">
		<key column="idRol"/>	
	</joined-subclass>
	<joined-subclass name="Conductor" table="conductor">
		<key column="idRol"/>	
		<many-to-one name="transporte" column="idTransporte" class="Transporte"/>
	</joined-subclass>
	
	
</class>
</hibernate-mapping>